{"train/decode.loss_ce": 0.3797625884413719, "train/decode.acc_seg": 87.35810317993165, "train/loss": 0.3797625884413719, "learning_rate": 0.00018924007664998266, "momentum": 0.9, "global_step": 932, "_timestamp": 1650241918, "_runtime": 1653, "_step": 932, "val/aAcc": 0.9077, "val/mIoU": 0.4154, "val/mAcc": 0.4826, "val/IoU.road": 0.9369000244140625, "val/IoU.sidewalk": 0.5956000137329102, "val/IoU.building": 0.8472000122070312, "val/IoU.wall": 0.05, "val/IoU.fence": 0.2610000038146973, "val/IoU.pole": 0.43939998626708987, "val/IoU.traffic light": 0.0, "val/IoU.traffic sign": 0.4825, "val/IoU.vegetation": 0.8844000244140625, "val/IoU.terrain": 0.4097999954223633, "val/IoU.sky": 0.8891999816894531, "val/IoU.person": 0.642300033569336, "val/IoU.rider": 0.0, "val/IoU.car": 0.845999984741211, "val/IoU.truck": 0.0, "val/IoU.bus": 0.0, "val/IoU.train": 0.0, "val/IoU.motorcycle": 0.0, "val/IoU.bicycle": 0.6091999816894531, "val/Acc.road": 0.9679000091552734, "val/Acc.sidewalk": 0.7759999847412109, "val/Acc.building": 0.9437000274658203, "val/Acc.wall": 0.05070000171661377, "val/Acc.fence": 0.2993000030517578, "val/Acc.pole": 0.5654999923706054, "val/Acc.traffic light": 0.0, "val/Acc.traffic sign": 0.5454999923706054, "val/Acc.vegetation": 0.9501000213623046, "val/Acc.terrain": 0.5056999969482422, "val/Acc.sky": 0.9315000152587891, "val/Acc.person": 0.8693000030517578, "val/Acc.rider": 0.0, "val/Acc.car": 0.9608999633789063, "val/Acc.truck": 0.0, "val/Acc.bus": 0.0, "val/Acc.train": 0.0, "val/Acc.motorcycle": 0.0, "val/Acc.bicycle": 0.8026000213623047, "_wandb": {"runtime": 1670}}