{"train/decode.loss_ce": 0.39890218257904053, "train/decode.acc_seg": 86.73896041870117, "train/loss": 0.39890218257904053, "learning_rate": 0.007533325031161247, "momentum": 0.9, "global_step": 7200, "_timestamp": 1651469090, "_runtime": 4028, "_step": 7200, "val/aAcc": 0.9079999999999999, "val/mIoU": 0.46950000000000003, "val/mAcc": 0.5484, "val/IoU.road": 0.9395999908447266, "val/IoU.sidewalk": 0.6826999664306641, "val/IoU.building": 0.8251999664306641, "val/IoU.wall": 0.15020000457763671, "val/IoU.fence": 0.32240001678466795, "val/IoU.pole": 0.44959999084472657, "val/IoU.traffic light": 0.3306999969482422, "val/IoU.traffic sign": 0.47330001831054686, "val/IoU.vegetation": 0.8770999908447266, "val/IoU.terrain": 0.447599983215332, "val/IoU.sky": 0.8016999816894531, "val/IoU.person": 0.6481999969482422, "val/IoU.rider": 0.06480000019073487, "val/IoU.car": 0.8781999969482421, "val/IoU.truck": 0.14359999656677247, "val/IoU.bus": 0.20860000610351562, "val/IoU.train": 0.007900000214576722, "val/IoU.motorcycle": 0.024600000381469728, "val/IoU.bicycle": 0.6448000335693359, "val/Acc.road": 0.9538999938964844, "val/Acc.sidewalk": 0.8654000091552735, "val/Acc.building": 0.9541999816894531, "val/Acc.wall": 0.15850000381469725, "val/Acc.fence": 0.41069999694824216, "val/Acc.pole": 0.5188000106811523, "val/Acc.traffic light": 0.37009998321533205, "val/Acc.traffic sign": 0.4954999923706055, "val/Acc.vegetation": 0.9233000183105469, "val/Acc.terrain": 0.645, "val/Acc.sky": 0.9769999694824218, "val/Acc.person": 0.8690000152587891, "val/Acc.rider": 0.06699999809265136, "val/Acc.car": 0.9215000152587891, "val/Acc.truck": 0.2610000038146973, "val/Acc.bus": 0.23100000381469726, "val/Acc.train": 0.008199999928474427, "val/Acc.motorcycle": 0.024700000286102294, "val/Acc.bicycle": 0.7637999725341796}