{"train/decode.loss_ce": 0.1449133798480034, "train/decode.acc_seg": 94.82159881591797, "train/loss": 0.1449133798480034, "learning_rate": 0.007508025499821878, "momentum": 0.9, "global_step": 3890, "_timestamp": 1650446174, "_runtime": 10308, "_step": 3890, "val/aAcc": 0.9384, "val/mIoU": 0.6346, "val/mAcc": 0.7365, "val/IoU.road": 0.9641999816894531, "val/IoU.sidewalk": 0.7416999816894532, "val/IoU.building": 0.8947000122070312, "val/IoU.wall": 0.37869998931884763, "val/IoU.fence": 0.44720001220703126, "val/IoU.pole": 0.5466999816894531, "val/IoU.traffic light": 0.5529999923706055, "val/IoU.traffic sign": 0.6958999633789062, "val/IoU.vegetation": 0.8994999694824218, "val/IoU.terrain": 0.5093000030517578, "val/IoU.sky": 0.9091999816894532, "val/IoU.person": 0.747699966430664, "val/IoU.rider": 0.45419998168945314, "val/IoU.car": 0.9144999694824218, "val/IoU.truck": 0.34810001373291016, "val/IoU.bus": 0.6168999862670899, "val/IoU.train": 0.44290000915527344, "val/IoU.motorcycle": 0.31079999923706053, "val/IoU.bicycle": 0.6813999938964844, "val/Acc.road": 0.9890000152587891, "val/Acc.sidewalk": 0.8159999847412109, "val/Acc.building": 0.9438999938964844, "val/Acc.wall": 0.4752999877929687, "val/Acc.fence": 0.5386999893188477, "val/Acc.pole": 0.6837000274658203, "val/Acc.traffic light": 0.7023999786376953, "val/Acc.traffic sign": 0.7866000366210938, "val/Acc.vegetation": 0.9552999877929688, "val/Acc.terrain": 0.6381999969482421, "val/Acc.sky": 0.9716999816894532, "val/Acc.person": 0.856500015258789, "val/Acc.rider": 0.6266999816894532, "val/Acc.car": 0.9691999816894531, "val/Acc.truck": 0.3827000045776367, "val/Acc.bus": 0.8069999694824219, "val/Acc.train": 0.64, "val/Acc.motorcycle": 0.34700000762939454, "val/Acc.bicycle": 0.8640000152587891, "_wandb": {"runtime": 11123}}