{"train/decode.loss_ce": 0.3620210200548172, "train/decode.acc_seg": 88.76827239990234, "train/loss": 0.3620210200548172, "learning_rate": 0.0011577233045391233, "momentum": 0.9, "global_step": 488, "_timestamp": 1650243030, "_runtime": 848, "_step": 488, "val/aAcc": 0.9055, "val/mIoU": 0.366, "val/mAcc": 0.426, "val/IoU.road": 0.9487999725341797, "val/IoU.sidewalk": 0.6625, "val/IoU.building": 0.8369000244140625, "val/IoU.wall": 0.006200000047683716, "val/IoU.fence": 0.01809999942779541, "val/IoU.pole": 0.38209999084472657, "val/IoU.traffic light": 0.0, "val/IoU.traffic sign": 0.30959999084472656, "val/IoU.vegetation": 0.8801000213623047, "val/IoU.terrain": 0.4329999923706055, "val/IoU.sky": 0.8556999969482422, "val/IoU.person": 0.5659999847412109, "val/IoU.rider": 0.0, "val/IoU.car": 0.821500015258789, "val/IoU.truck": 0.0, "val/IoU.bus": 0.0, "val/IoU.train": 0.0, "val/IoU.motorcycle": 0.0, "val/IoU.bicycle": 0.23399999618530273, "val/Acc.road": 0.9748999786376953, "val/Acc.sidewalk": 0.8069000244140625, "val/Acc.building": 0.955999984741211, "val/Acc.wall": 0.006200000047683716, "val/Acc.fence": 0.018200000524520876, "val/Acc.pole": 0.4677000045776367, "val/Acc.traffic light": 0.0, "val/Acc.traffic sign": 0.32560001373291014, "val/Acc.vegetation": 0.9447000122070313, "val/Acc.terrain": 0.5800999832153321, "val/Acc.sky": 0.9476000213623047, "val/Acc.person": 0.8630000305175781, "val/Acc.rider": 0.0, "val/Acc.car": 0.9651000213623047, "val/Acc.truck": 0.0, "val/Acc.bus": 0.0, "val/Acc.train": 0.0, "val/Acc.motorcycle": 0.0, "val/Acc.bicycle": 0.23739999771118164, "_wandb": {"runtime": 850}}