{"train/decode.loss_ce": 0.5182063460350037, "train/decode.acc_seg": 85.8865463256836, "train/loss": 0.5182063460350037, "learning_rate": 0.007466660084447311, "momentum": 0.9, "global_step": 4202, "_timestamp": 1651460726, "_runtime": 2632, "_step": 4202, "val/aAcc": 0.909, "val/mIoU": 0.4533, "val/mAcc": 0.5283, "val/IoU.road": 0.9448999786376953, "val/IoU.sidewalk": 0.6901000213623046, "val/IoU.building": 0.8483000183105469, "val/IoU.wall": 0.140600004196167, "val/IoU.fence": 0.2894000053405762, "val/IoU.pole": 0.44220001220703126, "val/IoU.traffic light": 0.22770000457763673, "val/IoU.traffic sign": 0.5256000137329102, "val/IoU.vegetation": 0.8780000305175781, "val/IoU.terrain": 0.40040000915527346, "val/IoU.sky": 0.8711000061035157, "val/IoU.person": 0.6168999862670899, "val/IoU.rider": 0.027799999713897704, "val/IoU.car": 0.7605999755859375, "val/IoU.truck": 0.0037000000476837156, "val/IoU.bus": 0.16299999237060547, "val/IoU.train": 0.15060000419616698, "val/IoU.motorcycle": 0.0, "val/IoU.bicycle": 0.6320999908447266, "val/Acc.road": 0.9672000122070312, "val/Acc.sidewalk": 0.8044999694824219, "val/Acc.building": 0.9484999847412109, "val/Acc.wall": 0.1475, "val/Acc.fence": 0.36200000762939455, "val/Acc.pole": 0.5215000152587891, "val/Acc.traffic light": 0.23459999084472657, "val/Acc.traffic sign": 0.567599983215332, "val/Acc.vegetation": 0.9165000152587891, "val/Acc.terrain": 0.5818999862670898, "val/Acc.sky": 0.9563999938964843, "val/Acc.person": 0.9076000213623047, "val/Acc.rider": 0.02869999885559082, "val/Acc.car": 0.98, "val/Acc.truck": 0.0037000000476837156, "val/Acc.bus": 0.18100000381469727, "val/Acc.train": 0.20030000686645508, "val/Acc.motorcycle": 0.0, "val/Acc.bicycle": 0.7280999755859375, "_wandb": {"runtime": 2802}}