{"train/decode.loss_ce": 0.15982678309082984, "train/decode.acc_seg": 94.42760620117187, "train/loss": 0.15982678309082984, "learning_rate": 0.007508025499821878, "momentum": 0.9, "global_step": 3890, "_timestamp": 1652098678, "_runtime": 3964, "_step": 3890, "val/aAcc": 0.9403, "val/mIoU": 0.6294, "val/mAcc": 0.7295999999999999, "val/IoU.road": 0.9680000305175781, "val/IoU.sidewalk": 0.773499984741211, "val/IoU.building": 0.8968000030517578, "val/IoU.wall": 0.3877000045776367, "val/IoU.fence": 0.5036000061035156, "val/IoU.pole": 0.5472000122070313, "val/IoU.traffic light": 0.5304000091552734, "val/IoU.traffic sign": 0.6723999786376953, "val/IoU.vegetation": 0.8986000061035156, "val/IoU.terrain": 0.5154999923706055, "val/IoU.sky": 0.927300033569336, "val/IoU.person": 0.7605999755859375, "val/IoU.rider": 0.46880001068115235, "val/IoU.car": 0.9104000091552734, "val/IoU.truck": 0.3761000061035156, "val/IoU.bus": 0.5643999862670899, "val/IoU.train": 0.21469999313354493, "val/IoU.motorcycle": 0.3491999816894531, "val/IoU.bicycle": 0.6930999755859375, "val/Acc.road": 0.9776000213623047, "val/Acc.sidewalk": 0.9075, "val/Acc.building": 0.9398999786376954, "val/Acc.wall": 0.4365999984741211, "val/Acc.fence": 0.638400001525879, "val/Acc.pole": 0.6769000244140625, "val/Acc.traffic light": 0.638400001525879, "val/Acc.traffic sign": 0.7762000274658203, "val/Acc.vegetation": 0.959800033569336, "val/Acc.terrain": 0.7041000366210938, "val/Acc.sky": 0.9755000305175782, "val/Acc.person": 0.8701000213623047, "val/Acc.rider": 0.6124000167846679, "val/Acc.car": 0.9754000091552735, "val/Acc.truck": 0.42130001068115236, "val/Acc.bus": 0.824800033569336, "val/Acc.train": 0.26579999923706055, "val/Acc.motorcycle": 0.39560001373291015, "val/Acc.bicycle": 0.8655999755859375, "_wandb": {"runtime": 4075}}