{"train/decode.loss_ce": 0.5274136185646057, "train/decode.acc_seg": 83.45530700683594, "train/loss": 0.5274136185646057, "learning_rate": 0.00782982339110766, "momentum": 0.9, "global_step": 226, "_timestamp": 1650245493, "_runtime": 244, "_step": 226, "val/aAcc": 0.8651000000000001, "val/mIoU": 0.2854, "val/mAcc": 0.3542, "val/IoU.road": 0.8920999908447266, "val/IoU.sidewalk": 0.5138000106811523, "val/IoU.building": 0.7893000030517578, "val/IoU.wall": 0.0, "val/IoU.fence": 0.0, "val/IoU.pole": 0.19799999237060548, "val/IoU.traffic light": 0.0, "val/IoU.traffic sign": 0.003199999928474426, "val/IoU.vegetation": 0.8481999969482422, "val/IoU.terrain": 0.17350000381469727, "val/IoU.sky": 0.8005000305175781, "val/IoU.person": 0.4727000045776367, "val/IoU.rider": 0.0, "val/IoU.car": 0.7306999969482422, "val/IoU.truck": 0.0, "val/IoU.bus": 0.0, "val/IoU.train": 0.0, "val/IoU.motorcycle": 0.0, "val/IoU.bicycle": 0.0, "val/Acc.road": 0.9276000213623047, "val/Acc.sidewalk": 0.7563999938964844, "val/Acc.building": 0.9119000244140625, "val/Acc.wall": 0.0, "val/Acc.fence": 0.0, "val/Acc.pole": 0.21629999160766603, "val/Acc.traffic light": 0.0, "val/Acc.traffic sign": 0.003199999928474426, "val/Acc.vegetation": 0.9476000213623047, "val/Acc.terrain": 0.18610000610351562, "val/Acc.sky": 0.965999984741211, "val/Acc.person": 0.8512000274658204, "val/Acc.rider": 0.0, "val/Acc.car": 0.9630999755859375, "val/Acc.truck": 0.0, "val/Acc.bus": 0.0, "val/Acc.train": 0.0, "val/Acc.motorcycle": 0.0, "val/Acc.bicycle": 0.0, "_wandb": {"runtime": 252}}