{"train/decode.loss_ce": 0.4262641817331314, "train/decode.acc_seg": 86.4107681274414, "train/loss": 0.4262641817331314, "learning_rate": 0.007533325031161247, "momentum": 0.9, "global_step": 7202, "_timestamp": 1651469225, "_runtime": 4267, "_step": 7202, "val/aAcc": 0.9164, "val/mIoU": 0.4789, "val/mAcc": 0.5592, "val/IoU.road": 0.9544999694824219, "val/IoU.sidewalk": 0.6848999786376954, "val/IoU.building": 0.8530000305175781, "val/IoU.wall": 0.16940000534057617, "val/IoU.fence": 0.33740001678466797, "val/IoU.pole": 0.44119998931884763, "val/IoU.traffic light": 0.31479999542236325, "val/IoU.traffic sign": 0.6024000167846679, "val/IoU.vegetation": 0.88, "val/IoU.terrain": 0.43979999542236325, "val/IoU.sky": 0.8716999816894532, "val/IoU.person": 0.6195000076293945, "val/IoU.rider": 0.125600004196167, "val/IoU.car": 0.8322000122070312, "val/IoU.truck": 0.026500000953674316, "val/IoU.bus": 0.2986000061035156, "val/IoU.train": 0.005799999833106995, "val/IoU.motorcycle": 0.017000000476837158, "val/IoU.bicycle": 0.6247999954223633, "val/Acc.road": 0.989800033569336, "val/Acc.sidewalk": 0.7469000244140624, "val/Acc.building": 0.935, "val/Acc.wall": 0.18049999237060546, "val/Acc.fence": 0.4204000091552734, "val/Acc.pole": 0.49689998626708987, "val/Acc.traffic light": 0.33689998626708983, "val/Acc.traffic sign": 0.7418000030517579, "val/Acc.vegetation": 0.9505000305175781, "val/Acc.terrain": 0.5158000183105469, "val/Acc.sky": 0.9333000183105469, "val/Acc.person": 0.835999984741211, "val/Acc.rider": 0.14109999656677247, "val/Acc.car": 0.9401999664306641, "val/Acc.truck": 0.03200000047683716, "val/Acc.bus": 0.6433999633789063, "val/Acc.train": 0.006200000047683716, "val/Acc.motorcycle": 0.017200000286102295, "val/Acc.bicycle": 0.7616999816894531, "_wandb": {"runtime": 4410}}