{"train/decode.loss_ce": 0.5672515481710434, "train/decode.acc_seg": 83.22163696289063, "train/loss": 0.5672515481710434, "learning_rate": 0.005786056857235323, "momentum": 0.9, "global_step": 150, "_timestamp": 1650248189, "_runtime": 285, "_step": 150, "val/aAcc": 0.8518000000000001, "val/mIoU": 0.2469, "val/mAcc": 0.2957, "val/IoU.road": 0.8751000213623047, "val/IoU.sidewalk": 0.20450000762939452, "val/IoU.building": 0.7783999633789063, "val/IoU.wall": 0.0, "val/IoU.fence": 0.0, "val/IoU.pole": 0.0, "val/IoU.traffic light": 0.0, "val/IoU.traffic sign": 0.0, "val/IoU.vegetation": 0.8458000183105469, "val/IoU.terrain": 0.0, "val/IoU.sky": 0.7912999725341797, "val/IoU.person": 0.46540000915527346, "val/IoU.rider": 0.0, "val/IoU.car": 0.7304000091552735, "val/IoU.truck": 0.0, "val/IoU.bus": 0.0, "val/IoU.train": 0.0, "val/IoU.motorcycle": 0.0, "val/IoU.bicycle": 0.0, "val/Acc.road": 0.9884999847412109, "val/Acc.sidewalk": 0.2368000030517578, "val/Acc.building": 0.9194999694824219, "val/Acc.wall": 0.0, "val/Acc.fence": 0.0, "val/Acc.pole": 0.0, "val/Acc.traffic light": 0.0, "val/Acc.traffic sign": 0.0, "val/Acc.vegetation": 0.9481999969482422, "val/Acc.terrain": 0.0, "val/Acc.sky": 0.903499984741211, "val/Acc.person": 0.6705999755859375, "val/Acc.rider": 0.0, "val/Acc.car": 0.9516000366210937, "val/Acc.truck": 0.0, "val/Acc.bus": 0.0, "val/Acc.train": 0.0, "val/Acc.motorcycle": 0.0, "val/Acc.bicycle": 0.0}