{"train/decode.loss_ce": 0.35514803528785704, "train/decode.acc_seg": 88.93185272216797, "train/loss": 0.35514803528785704, "learning_rate": 0.0014560952593517117, "momentum": 0.9, "global_step": 488, "_timestamp": 1650248672, "_runtime": 768, "_step": 488, "val/aAcc": 0.9081, "val/mIoU": 0.3786, "val/mAcc": 0.43829999999999997, "val/IoU.road": 0.9505000305175781, "val/IoU.sidewalk": 0.6693000030517579, "val/IoU.building": 0.8406999969482422, "val/IoU.wall": 0.015499999523162842, "val/IoU.fence": 0.04210000038146973, "val/IoU.pole": 0.39, "val/IoU.traffic light": 0.0, "val/IoU.traffic sign": 0.35810001373291017, "val/IoU.vegetation": 0.8811000061035156, "val/IoU.terrain": 0.44110000610351563, "val/IoU.sky": 0.8640000152587891, "val/IoU.person": 0.5766999816894531, "val/IoU.rider": 0.0, "val/IoU.car": 0.8258999633789063, "val/IoU.truck": 0.0, "val/IoU.bus": 0.0, "val/IoU.train": 0.0, "val/IoU.motorcycle": 0.0, "val/IoU.bicycle": 0.33810001373291015, "val/Acc.road": 0.9769999694824218, "val/Acc.sidewalk": 0.8079000091552735, "val/Acc.building": 0.9551999664306641, "val/Acc.wall": 0.015499999523162842, "val/Acc.fence": 0.042800002098083496, "val/Acc.pole": 0.4768000030517578, "val/Acc.traffic light": 0.0, "val/Acc.traffic sign": 0.38419998168945313, "val/Acc.vegetation": 0.9451000213623046, "val/Acc.terrain": 0.5916999816894531, "val/Acc.sky": 0.9497000122070313, "val/Acc.person": 0.8677999877929687, "val/Acc.rider": 0.0, "val/Acc.car": 0.9652999877929688, "val/Acc.truck": 0.0, "val/Acc.bus": 0.0, "val/Acc.train": 0.0, "val/Acc.motorcycle": 0.0, "val/Acc.bicycle": 0.3484000015258789, "_wandb": {"runtime": 770}}