{"train/decode.loss_ce": 0.4537883996963501, "train/decode.acc_seg": 86.3917366027832, "train/loss": 0.4537883996963501, "learning_rate": 0.0098255681536774, "momentum": 0.9, "global_step": 139, "_timestamp": 1650432530, "_runtime": 2356, "_step": 139, "val/aAcc": 0.8553000000000001, "val/mIoU": 0.2544, "val/mAcc": 0.2998, "val/IoU.road": 0.8818000030517578, "val/IoU.sidewalk": 0.3447999954223633, "val/IoU.building": 0.7729000091552735, "val/IoU.wall": 0.0, "val/IoU.fence": 0.0, "val/IoU.pole": 0.017200000286102295, "val/IoU.traffic light": 0.0, "val/IoU.traffic sign": 0.0, "val/IoU.vegetation": 0.8223999786376953, "val/IoU.terrain": 9.999999776482581e-05, "val/IoU.sky": 0.8041000366210938, "val/IoU.person": 0.43790000915527344, "val/IoU.rider": 0.0, "val/IoU.car": 0.7526999664306641, "val/IoU.truck": 0.0, "val/IoU.bus": 0.0, "val/IoU.train": 0.0, "val/IoU.motorcycle": 0.0, "val/IoU.bicycle": 0.0, "val/Acc.road": 0.9655000305175782, "val/Acc.sidewalk": 0.4127999877929687, "val/Acc.building": 0.95, "val/Acc.wall": 0.0, "val/Acc.fence": 0.0, "val/Acc.pole": 0.017300000190734865, "val/Acc.traffic light": 0.0, "val/Acc.traffic sign": 0.0, "val/Acc.vegetation": 0.9352999877929687, "val/Acc.terrain": 9.999999776482581e-05, "val/Acc.sky": 0.9131999969482422, "val/Acc.person": 0.5659999847412109, "val/Acc.rider": 0.0, "val/Acc.car": 0.9366999816894531, "val/Acc.truck": 0.0, "val/Acc.bus": 0.0, "val/Acc.train": 0.0, "val/Acc.motorcycle": 0.0, "val/Acc.bicycle": 0.0, "_wandb": {"runtime": 3260}}