{"train/decode.loss_ce": 0.3215909764170647, "train/decode.acc_seg": 89.27802352905273, "train/loss": 0.3215909764170647, "learning_rate": 0.00740303467554525, "momentum": 0.9, "global_step": 15602, "_timestamp": 1650535750, "_runtime": 7613, "_step": 15602, "val/aAcc": 0.9179, "val/mIoU": 0.5188, "val/mAcc": 0.6379, "val/IoU.road": 0.9619999694824218, "val/IoU.sidewalk": 0.7312999725341797, "val/IoU.building": 0.8620999908447265, "val/IoU.wall": 0.1406999969482422, "val/IoU.fence": 0.31479999542236325, "val/IoU.pole": 0.49599998474121093, "val/IoU.traffic light": 0.4836000061035156, "val/IoU.traffic sign": 0.6168999862670899, "val/IoU.vegetation": 0.8663999938964844, "val/IoU.terrain": 0.42720001220703124, "val/IoU.sky": 0.8941999816894531, "val/IoU.person": 0.6286000061035156, "val/IoU.rider": 0.39990001678466797, "val/IoU.car": 0.8669000244140626, "val/IoU.truck": 0.07159999847412109, "val/IoU.bus": 0.3656000137329102, "val/IoU.train": 0.0759000015258789, "val/IoU.motorcycle": 0.11239999771118164, "val/IoU.bicycle": 0.5420999908447266, "val/Acc.road": 0.9781999969482422, "val/Acc.sidewalk": 0.9069000244140625, "val/Acc.building": 0.9383000183105469, "val/Acc.wall": 0.14819999694824218, "val/Acc.fence": 0.6990000152587891, "val/Acc.pole": 0.6722000122070313, "val/Acc.traffic light": 0.5813999938964843, "val/Acc.traffic sign": 0.6768000030517578, "val/Acc.vegetation": 0.8981999969482422, "val/Acc.terrain": 0.49810001373291013, "val/Acc.sky": 0.9395999908447266, "val/Acc.person": 0.6727999877929688, "val/Acc.rider": 0.6093999862670898, "val/Acc.car": 0.9423000335693359, "val/Acc.truck": 0.07389999866485596, "val/Acc.bus": 0.7569999694824219, "val/Acc.train": 0.09819999694824219, "val/Acc.motorcycle": 0.11899999618530273, "val/Acc.bicycle": 0.9111000061035156, "_wandb": {"runtime": 7711}}