{"train/decode.loss_ce": 0.16046081483364105, "train/decode.acc_seg": 94.28884735107422, "train/loss": 0.16046081483364105, "learning_rate": 0.0075086775477777165, "momentum": 0.9, "global_step": 1946, "_timestamp": 1650332953, "_runtime": 3113, "_step": 1946, "val/aAcc": 0.9336, "val/mIoU": 0.5828, "val/mAcc": 0.6866, "val/IoU.road": 0.9630000305175781, "val/IoU.sidewalk": 0.7405000305175782, "val/IoU.building": 0.8852999877929687, "val/IoU.wall": 0.34060001373291016, "val/IoU.fence": 0.3725, "val/IoU.pole": 0.5247999954223633, "val/IoU.traffic light": 0.5229000091552735, "val/IoU.traffic sign": 0.6586000061035157, "val/IoU.vegetation": 0.8958000183105469, "val/IoU.terrain": 0.5327999877929688, "val/IoU.sky": 0.9137000274658204, "val/IoU.person": 0.7191999816894531, "val/IoU.rider": 0.36520000457763674, "val/IoU.car": 0.9062999725341797, "val/IoU.truck": 0.22389999389648438, "val/IoU.bus": 0.4116999816894531, "val/IoU.train": 0.2748999977111816, "val/IoU.motorcycle": 0.15220000267028808, "val/IoU.bicycle": 0.6686000061035157, "val/Acc.road": 0.9811000061035157, "val/Acc.sidewalk": 0.8540000152587891, "val/Acc.building": 0.9394999694824219, "val/Acc.wall": 0.41310001373291017, "val/Acc.fence": 0.43470001220703125, "val/Acc.pole": 0.6630999755859375, "val/Acc.traffic light": 0.6509999847412109, "val/Acc.traffic sign": 0.7387000274658203, "val/Acc.vegetation": 0.962699966430664, "val/Acc.terrain": 0.6483000183105468, "val/Acc.sky": 0.9712000274658203, "val/Acc.person": 0.8744000244140625, "val/Acc.rider": 0.5070000076293946, "val/Acc.car": 0.9631999969482422, "val/Acc.truck": 0.24420000076293946, "val/Acc.bus": 0.5491999816894532, "val/Acc.train": 0.6611000061035156, "val/Acc.motorcycle": 0.15899999618530272, "val/Acc.bicycle": 0.829800033569336, "_wandb": {"runtime": 3116}}