{"train/decode.loss_ce": 0.4658446073532104, "train/decode.acc_seg": 84.65069885253907, "train/loss": 0.4658446073532104, "learning_rate": 0.009499228077722556, "momentum": 0.9, "global_step": 341, "_timestamp": 1650245899, "_runtime": 331, "_step": 341, "val/aAcc": 0.8682, "val/mIoU": 0.2891, "val/mAcc": 0.3566, "val/IoU.road": 0.8981999969482422, "val/IoU.sidewalk": 0.5161000061035156, "val/IoU.building": 0.7931999969482422, "val/IoU.wall": 0.0, "val/IoU.fence": 0.0, "val/IoU.pole": 0.20569999694824218, "val/IoU.traffic light": 0.0, "val/IoU.traffic sign": 0.011100000143051148, "val/IoU.vegetation": 0.8486000061035156, "val/IoU.terrain": 0.1868000030517578, "val/IoU.sky": 0.8337999725341797, "val/IoU.person": 0.46650001525878904, "val/IoU.rider": 0.0, "val/IoU.car": 0.7319999694824219, "val/IoU.truck": 0.0, "val/IoU.bus": 0.0, "val/IoU.train": 0.0, "val/IoU.motorcycle": 0.0, "val/IoU.bicycle": 0.0, "val/Acc.road": 0.9391000366210938, "val/Acc.sidewalk": 0.7433000183105469, "val/Acc.building": 0.9038999938964843, "val/Acc.wall": 0.0, "val/Acc.fence": 0.0, "val/Acc.pole": 0.22559999465942382, "val/Acc.traffic light": 0.0, "val/Acc.traffic sign": 0.011100000143051148, "val/Acc.vegetation": 0.9516999816894531, "val/Acc.terrain": 0.20670000076293946, "val/Acc.sky": 0.9623000335693359, "val/Acc.person": 0.8683999633789062, "val/Acc.rider": 0.0, "val/Acc.car": 0.9633999633789062, "val/Acc.truck": 0.0, "val/Acc.bus": 0.0, "val/Acc.train": 0.0, "val/Acc.motorcycle": 0.0, "val/Acc.bicycle": 0.0, "_wandb": {"runtime": 334}}