{"train/decode.loss_ce": 0.14897098392248154, "train/decode.acc_seg": 94.61455612182617, "train/loss": 0.14897098392248154, "learning_rate": 0.007508025499821878, "momentum": 0.9, "global_step": 3890, "_timestamp": 1652189363, "_runtime": 3620, "_step": 3890, "val/aAcc": 0.9347, "val/mIoU": 0.6305, "val/mAcc": 0.7243, "val/IoU.road": 0.9593000030517578, "val/IoU.sidewalk": 0.7368000030517579, "val/IoU.building": 0.8851000213623047, "val/IoU.wall": 0.32049999237060545, "val/IoU.fence": 0.48639999389648436, "val/IoU.pole": 0.528400001525879, "val/IoU.traffic light": 0.549000015258789, "val/IoU.traffic sign": 0.6698000335693359, "val/IoU.vegetation": 0.8951000213623047, "val/IoU.terrain": 0.48650001525878905, "val/IoU.sky": 0.9158000183105469, "val/IoU.person": 0.7515000152587891, "val/IoU.rider": 0.4406999969482422, "val/IoU.car": 0.9054000091552734, "val/IoU.truck": 0.38, "val/IoU.bus": 0.6102000045776367, "val/IoU.train": 0.2981999969482422, "val/IoU.motorcycle": 0.450099983215332, "val/IoU.bicycle": 0.7112999725341796, "val/Acc.road": 0.9740000152587891, "val/Acc.sidewalk": 0.8826999664306641, "val/Acc.building": 0.9420999908447265, "val/Acc.wall": 0.37029998779296874, "val/Acc.fence": 0.6072000122070312, "val/Acc.pole": 0.6481999969482422, "val/Acc.traffic light": 0.6702999877929687, "val/Acc.traffic sign": 0.7584999847412109, "val/Acc.vegetation": 0.9529000091552734, "val/Acc.terrain": 0.6658999633789062, "val/Acc.sky": 0.9790000152587891, "val/Acc.person": 0.8831999969482421, "val/Acc.rider": 0.547599983215332, "val/Acc.car": 0.9673999786376953, "val/Acc.truck": 0.44549999237060545, "val/Acc.bus": 0.7530999755859376, "val/Acc.train": 0.36459999084472655, "val/Acc.motorcycle": 0.510099983215332, "val/Acc.bicycle": 0.8383999633789062, "_wandb": {"runtime": 3698}}