{"train/decode.loss_ce": 0.16032988876104354, "train/decode.acc_seg": 94.3588996887207, "train/loss": 0.16032988876104354, "learning_rate": 0.007508025499821878, "momentum": 0.9, "global_step": 3890, "_timestamp": 1652094522, "_runtime": 4097, "_step": 3890, "val/aAcc": 0.9405, "val/mIoU": 0.6448, "val/mAcc": 0.7531, "val/IoU.road": 0.9688999938964844, "val/IoU.sidewalk": 0.7712999725341797, "val/IoU.building": 0.8912000274658203, "val/IoU.wall": 0.3865000152587891, "val/IoU.fence": 0.45930000305175783, "val/IoU.pole": 0.5597999954223633, "val/IoU.traffic light": 0.5684000015258789, "val/IoU.traffic sign": 0.6934999847412109, "val/IoU.vegetation": 0.9025, "val/IoU.terrain": 0.525, "val/IoU.sky": 0.9244999694824219, "val/IoU.person": 0.7519000244140625, "val/IoU.rider": 0.43189998626708986, "val/IoU.car": 0.9176000213623047, "val/IoU.truck": 0.5027999877929688, "val/IoU.bus": 0.5793000030517578, "val/IoU.train": 0.31420000076293947, "val/IoU.motorcycle": 0.40689998626708984, "val/IoU.bicycle": 0.6963999938964843, "val/Acc.road": 0.9805000305175782, "val/Acc.sidewalk": 0.884000015258789, "val/Acc.building": 0.9426000213623047, "val/Acc.wall": 0.5333000183105469, "val/Acc.fence": 0.5534000015258789, "val/Acc.pole": 0.6856999969482422, "val/Acc.traffic light": 0.6898999786376954, "val/Acc.traffic sign": 0.7680999755859375, "val/Acc.vegetation": 0.9669000244140625, "val/Acc.terrain": 0.6306000137329102, "val/Acc.sky": 0.9654000091552735, "val/Acc.person": 0.8772000122070313, "val/Acc.rider": 0.538499984741211, "val/Acc.car": 0.952699966430664, "val/Acc.truck": 0.7502999877929688, "val/Acc.bus": 0.768499984741211, "val/Acc.train": 0.4409000015258789, "val/Acc.motorcycle": 0.545099983215332, "val/Acc.bicycle": 0.8358000183105468, "_wandb": {"runtime": 4180}}