{"train/decode.loss_ce": 0.8897579884529114, "train/decode.acc_seg": 73.1921004486084, "train/loss": 0.8897579884529114, "learning_rate": 0.008210863308550934, "momentum": 0.9, "global_step": 150, "_timestamp": 1650232141, "_runtime": 146, "_step": 150, "val/aAcc": 0.7912, "val/mIoU": 0.1765, "val/mAcc": 0.2227, "val/IoU.road": 0.8197000122070313, "val/IoU.sidewalk": 0.06579999923706055, "val/IoU.building": 0.6655999755859375, "val/IoU.wall": 0.0, "val/IoU.fence": 0.0, "val/IoU.pole": 0.0, "val/IoU.traffic light": 0.0, "val/IoU.traffic sign": 0.0, "val/IoU.vegetation": 0.8236000061035156, "val/IoU.terrain": 0.0, "val/IoU.sky": 9.999999776482581e-05, "val/IoU.person": 0.36400001525878906, "val/IoU.rider": 0.0, "val/IoU.car": 0.6152000045776367, "val/IoU.truck": 0.0, "val/IoU.bus": 0.0, "val/IoU.train": 0.0, "val/IoU.motorcycle": 0.0, "val/IoU.bicycle": 0.0, "val/Acc.road": 0.9862000274658204, "val/Acc.sidewalk": 0.07559999942779541, "val/Acc.building": 0.9162000274658203, "val/Acc.wall": 0.0, "val/Acc.fence": 0.0, "val/Acc.pole": 0.0, "val/Acc.traffic light": 0.0, "val/Acc.traffic sign": 0.0, "val/Acc.vegetation": 0.9063999938964844, "val/Acc.terrain": 0.0, "val/Acc.sky": 9.999999776482581e-05, "val/Acc.person": 0.5722000122070312, "val/Acc.rider": 0.0, "val/Acc.car": 0.7755000305175781, "val/Acc.truck": 0.0, "val/Acc.bus": 0.0, "val/Acc.train": 0.0, "val/Acc.motorcycle": 0.0, "val/Acc.bicycle": 0.0, "_wandb": {"runtime": 229}}