{"train/decode.loss_ce": 0.3795947372913361, "train/decode.acc_seg": 87.42398223876953, "train/loss": 0.3795947372913361, "learning_rate": 0.00018924007664998266, "momentum": 0.9, "global_step": 932, "_timestamp": 1650244545, "_runtime": 798, "_step": 932, "val/aAcc": 0.9081999999999999, "val/mIoU": 0.4164, "val/mAcc": 0.4832, "val/IoU.road": 0.9387000274658203, "val/IoU.sidewalk": 0.5995999908447266, "val/IoU.building": 0.8438999938964844, "val/IoU.wall": 0.05239999771118164, "val/IoU.fence": 0.2723999977111816, "val/IoU.pole": 0.43520000457763675, "val/IoU.traffic light": 0.0, "val/IoU.traffic sign": 0.47639999389648435, "val/IoU.vegetation": 0.8831999969482421, "val/IoU.terrain": 0.4259000015258789, "val/IoU.sky": 0.8862999725341797, "val/IoU.person": 0.6448999786376953, "val/IoU.rider": 0.0, "val/IoU.car": 0.8480999755859375, "val/IoU.truck": 0.0, "val/IoU.bus": 0.0, "val/IoU.train": 0.0, "val/IoU.motorcycle": 0.0, "val/IoU.bicycle": 0.6056000137329102, "val/Acc.road": 0.9738999938964844, "val/Acc.sidewalk": 0.7402999877929688, "val/Acc.building": 0.9461000061035156, "val/Acc.wall": 0.05320000171661377, "val/Acc.fence": 0.3218999862670898, "val/Acc.pole": 0.5527000045776367, "val/Acc.traffic light": 0.0, "val/Acc.traffic sign": 0.5336999893188477, "val/Acc.vegetation": 0.9462999725341796, "val/Acc.terrain": 0.5436000061035157, "val/Acc.sky": 0.94, "val/Acc.person": 0.865999984741211, "val/Acc.rider": 0.0, "val/Acc.car": 0.9591000366210938, "val/Acc.truck": 0.0, "val/Acc.bus": 0.0, "val/Acc.train": 0.0, "val/Acc.motorcycle": 0.0, "val/Acc.bicycle": 0.8045999908447266, "_wandb": {"runtime": 804}}