{"train/decode.loss_ce": 0.3308147370815277, "train/decode.acc_seg": 88.82210083007813, "train/loss": 0.3308147370815277, "learning_rate": 0.007466660084447311, "momentum": 0.9, "global_step": 4202, "_timestamp": 1651460831, "_runtime": 2635, "_step": 4202, "val/aAcc": 0.9116, "val/mIoU": 0.48479999999999995, "val/mAcc": 0.5742, "val/IoU.road": 0.9459999847412109, "val/IoU.sidewalk": 0.6941000366210938, "val/IoU.building": 0.8373999786376953, "val/IoU.wall": 0.12359999656677247, "val/IoU.fence": 0.3340000152587891, "val/IoU.pole": 0.450099983215332, "val/IoU.traffic light": 0.33169998168945314, "val/IoU.traffic sign": 0.4463999938964844, "val/IoU.vegetation": 0.8837000274658203, "val/IoU.terrain": 0.46669998168945315, "val/IoU.sky": 0.7941999816894532, "val/IoU.person": 0.6526000213623047, "val/IoU.rider": 0.15109999656677245, "val/IoU.car": 0.8747000122070312, "val/IoU.truck": 0.20790000915527343, "val/IoU.bus": 0.27850000381469725, "val/IoU.train": 0.025499999523162842, "val/IoU.motorcycle": 0.08069999694824219, "val/IoU.bicycle": 0.6318999862670899, "val/Acc.road": 0.9618000030517578, "val/Acc.sidewalk": 0.8595999908447266, "val/Acc.building": 0.9391000366210938, "val/Acc.wall": 0.12949999809265136, "val/Acc.fence": 0.5308000183105469, "val/Acc.pole": 0.5143999862670898, "val/Acc.traffic light": 0.36119998931884767, "val/Acc.traffic sign": 0.465, "val/Acc.vegetation": 0.9394999694824219, "val/Acc.terrain": 0.6277000045776367, "val/Acc.sky": 0.9816999816894532, "val/Acc.person": 0.8738999938964844, "val/Acc.rider": 0.16700000762939454, "val/Acc.car": 0.9148000335693359, "val/Acc.truck": 0.40900001525878904, "val/Acc.bus": 0.3320000076293945, "val/Acc.train": 0.02700000047683716, "val/Acc.motorcycle": 0.08319999694824219, "val/Acc.bicycle": 0.7927999877929688, "_wandb": {"runtime": 2785}}