{"train/decode.loss_ce": 0.36661216914653777, "train/decode.acc_seg": 88.57596969604492, "train/loss": 0.36661216914653777, "learning_rate": 0.0003542113372050586, "momentum": 0.9, "global_step": 461, "_timestamp": 1650238579, "_runtime": 924, "_step": 461, "val/aAcc": 0.8946999999999999, "val/mIoU": 0.3309, "val/mAcc": 0.3836, "val/IoU.road": 0.9351000213623046, "val/IoU.sidewalk": 0.5622999954223633, "val/IoU.building": 0.8205999755859374, "val/IoU.wall": 9.999999776482581e-05, "val/IoU.fence": 0.00039999999105930326, "val/IoU.pole": 0.33349998474121095, "val/IoU.traffic light": 0.0, "val/IoU.traffic sign": 0.10329999923706054, "val/IoU.vegetation": 0.875, "val/IoU.terrain": 0.38099998474121094, "val/IoU.sky": 0.8662999725341797, "val/IoU.person": 0.5411000061035156, "val/IoU.rider": 0.0, "val/IoU.car": 0.8130000305175781, "val/IoU.truck": 0.0, "val/IoU.bus": 0.0, "val/IoU.train": 0.0, "val/IoU.motorcycle": 0.0, "val/IoU.bicycle": 0.05579999923706055, "val/Acc.road": 0.9830999755859375, "val/Acc.sidewalk": 0.6691000366210937, "val/Acc.building": 0.9583000183105469, "val/Acc.wall": 9.999999776482581e-05, "val/Acc.fence": 0.00039999999105930326, "val/Acc.pole": 0.39549999237060546, "val/Acc.traffic light": 0.0, "val/Acc.traffic sign": 0.10430000305175781, "val/Acc.vegetation": 0.9419000244140625, "val/Acc.terrain": 0.45279998779296876, "val/Acc.sky": 0.9255999755859375, "val/Acc.person": 0.8427999877929687, "val/Acc.rider": 0.0, "val/Acc.car": 0.9593000030517578, "val/Acc.truck": 0.0, "val/Acc.bus": 0.0, "val/Acc.train": 0.0, "val/Acc.motorcycle": 0.0, "val/Acc.bicycle": 0.05590000152587891, "_wandb": {"runtime": 933}}