{"train/decode.loss_ce": 0.35750399231910707, "train/decode.acc_seg": 88.81408615112305, "train/loss": 0.35750399231910707, "learning_rate": 0.00013912135845111834, "momentum": 0.9, "global_step": 468, "_timestamp": 1650324976, "_runtime": 561, "_step": 468, "val/aAcc": 0.8933, "val/mIoU": 0.3325, "val/mAcc": 0.3987, "val/IoU.road": 0.9376999664306641, "val/IoU.sidewalk": 0.6331999969482421, "val/IoU.building": 0.8166000366210937, "val/IoU.wall": 0.0, "val/IoU.fence": 0.0, "val/IoU.pole": 0.37200000762939456, "val/IoU.traffic light": 0.0, "val/IoU.traffic sign": 0.15539999961853027, "val/IoU.vegetation": 0.8712000274658203, "val/IoU.terrain": 0.40200000762939453, "val/IoU.sky": 0.8008000183105469, "val/IoU.person": 0.529000015258789, "val/IoU.rider": 0.0, "val/IoU.car": 0.7855999755859375, "val/IoU.truck": 0.0, "val/IoU.bus": 0.0, "val/IoU.train": 0.0, "val/IoU.motorcycle": 0.0, "val/IoU.bicycle": 0.01350000023841858, "val/Acc.road": 0.9654000091552735, "val/Acc.sidewalk": 0.7777999877929688, "val/Acc.building": 0.9333999633789063, "val/Acc.wall": 0.0, "val/Acc.fence": 0.0, "val/Acc.pole": 0.48220001220703124, "val/Acc.traffic light": 0.0, "val/Acc.traffic sign": 0.15779999732971192, "val/Acc.vegetation": 0.9456999969482421, "val/Acc.terrain": 0.5263000106811524, "val/Acc.sky": 0.9727999877929687, "val/Acc.person": 0.8290000152587891, "val/Acc.rider": 0.0, "val/Acc.car": 0.9720999908447265, "val/Acc.truck": 0.0, "val/Acc.bus": 0.0, "val/Acc.train": 0.0, "val/Acc.motorcycle": 0.0, "val/Acc.bicycle": 0.013600000143051148, "_wandb": {"runtime": 564}}