{"train/decode.loss_ce": 0.5209108859300613, "train/decode.acc_seg": 84.10859451293945, "train/loss": 0.5209108859300613, "learning_rate": 0.006913598808832237, "momentum": 0.9, "global_step": 160, "_timestamp": 1650237513, "_runtime": 240, "_step": 160, "val/aAcc": 0.8445999999999999, "val/mIoU": 0.24309999999999998, "val/mAcc": 0.2958, "val/IoU.road": 0.8690000152587891, "val/IoU.sidewalk": 0.21420000076293946, "val/IoU.building": 0.757300033569336, "val/IoU.wall": 0.0, "val/IoU.fence": 0.0, "val/IoU.pole": 0.0, "val/IoU.traffic light": 0.0, "val/IoU.traffic sign": 0.0, "val/IoU.vegetation": 0.8394000244140625, "val/IoU.terrain": 0.0, "val/IoU.sky": 0.7818000030517578, "val/IoU.person": 0.4584000015258789, "val/IoU.rider": 0.0, "val/IoU.car": 0.6990000152587891, "val/IoU.truck": 0.0, "val/IoU.bus": 0.0, "val/IoU.train": 0.0, "val/IoU.motorcycle": 0.0, "val/IoU.bicycle": 0.0, "val/Acc.road": 0.970999984741211, "val/Acc.sidewalk": 0.24360000610351562, "val/Acc.building": 0.9301000213623047, "val/Acc.wall": 0.0, "val/Acc.fence": 0.0, "val/Acc.pole": 0.0, "val/Acc.traffic light": 0.0, "val/Acc.traffic sign": 0.0, "val/Acc.vegetation": 0.9287999725341797, "val/Acc.terrain": 0.0, "val/Acc.sky": 0.8852999877929687, "val/Acc.person": 0.7068000030517578, "val/Acc.rider": 0.0, "val/Acc.car": 0.9552999877929688, "val/Acc.truck": 0.0, "val/Acc.bus": 0.0, "val/Acc.train": 0.0, "val/Acc.motorcycle": 0.0, "val/Acc.bicycle": 0.0, "_wandb": {"runtime": 248}}