{"train/decode.loss_ce": 0.29452398270368574, "train/decode.acc_seg": 90.48663864135742, "train/loss": 0.29452398270368574, "learning_rate": 0.009103425209984667, "momentum": 0.9, "global_step": 5600, "_timestamp": 1650562434, "_runtime": 4047, "_step": 5600, "val/aAcc": 0.9102, "val/mIoU": 0.4842, "val/mAcc": 0.5740999999999999, "val/IoU.road": 0.9444000244140625, "val/IoU.sidewalk": 0.6587999725341797, "val/IoU.building": 0.8363999938964843, "val/IoU.wall": 0.19719999313354492, "val/IoU.fence": 0.340099983215332, "val/IoU.pole": 0.45669998168945314, "val/IoU.traffic light": 0.32040000915527345, "val/IoU.traffic sign": 0.577400016784668, "val/IoU.vegetation": 0.8818000030517578, "val/IoU.terrain": 0.3738000106811523, "val/IoU.sky": 0.8668000030517579, "val/IoU.person": 0.658499984741211, "val/IoU.rider": 0.23350000381469727, "val/IoU.car": 0.8212000274658203, "val/IoU.truck": 0.022699999809265136, "val/IoU.bus": 0.38880001068115233, "val/IoU.train": 0.006399999856948852, "val/IoU.motorcycle": 0.026700000762939453, "val/IoU.bicycle": 0.5884999847412109, "val/Acc.road": 0.9644000244140625, "val/Acc.sidewalk": 0.8031999969482422, "val/Acc.building": 0.9333000183105469, "val/Acc.wall": 0.21360000610351562, "val/Acc.fence": 0.4886000061035156, "val/Acc.pole": 0.5447000122070312, "val/Acc.traffic light": 0.35150001525878904, "val/Acc.traffic sign": 0.6422000122070313, "val/Acc.vegetation": 0.9368000030517578, "val/Acc.terrain": 0.465099983215332, "val/Acc.sky": 0.957699966430664, "val/Acc.person": 0.7770999908447266, "val/Acc.rider": 0.2744000053405762, "val/Acc.car": 0.9622000122070312, "val/Acc.truck": 0.024100000858306884, "val/Acc.bus": 0.6675, "val/Acc.train": 0.0064999997615814206, "val/Acc.motorcycle": 0.02799999952316284, "val/Acc.bicycle": 0.8662000274658204}