{"train/decode.loss_ce": 0.26531067699193955, "train/decode.acc_seg": 91.13860229492188, "train/loss": 0.26531067699193955, "learning_rate": 0.00010580332707795023, "momentum": 0.9, "global_step": 3902, "_timestamp": 1650233729, "_runtime": 1418, "_step": 3902, "val/aAcc": 0.9299, "val/mIoU": 0.5266, "val/mAcc": 0.6108, "val/IoU.road": 0.9636000061035156, "val/IoU.sidewalk": 0.7470999908447266, "val/IoU.building": 0.8772000122070313, "val/IoU.wall": 0.26680000305175783, "val/IoU.fence": 0.35560001373291017, "val/IoU.pole": 0.5052999877929687, "val/IoU.traffic light": 0.4391999816894531, "val/IoU.traffic sign": 0.627400016784668, "val/IoU.vegetation": 0.8965000152587891, "val/IoU.terrain": 0.47200000762939454, "val/IoU.sky": 0.8719999694824219, "val/IoU.person": 0.7033000183105469, "val/IoU.rider": 0.27469999313354493, "val/IoU.car": 0.8909999847412109, "val/IoU.truck": 0.07610000133514404, "val/IoU.bus": 0.37560001373291013, "val/IoU.train": 0.00019999999552965163, "val/IoU.motorcycle": 0.011299999952316285, "val/IoU.bicycle": 0.6498000335693359, "val/Acc.road": 0.9791000366210938, "val/Acc.sidewalk": 0.8666999816894532, "val/Acc.building": 0.9508000183105468, "val/Acc.wall": 0.29950000762939455, "val/Acc.fence": 0.4686000061035156, "val/Acc.pole": 0.605099983215332, "val/Acc.traffic light": 0.5068000030517578, "val/Acc.traffic sign": 0.7405999755859375, "val/Acc.vegetation": 0.949800033569336, "val/Acc.terrain": 0.5677000045776367, "val/Acc.sky": 0.9690000152587891, "val/Acc.person": 0.8580000305175781, "val/Acc.rider": 0.342599983215332, "val/Acc.car": 0.9638999938964844, "val/Acc.truck": 0.08100000381469727, "val/Acc.bus": 0.577400016784668, "val/Acc.train": 0.00019999999552965163, "val/Acc.motorcycle": 0.011299999952316285, "val/Acc.bicycle": 0.8662000274658204, "_wandb": {"runtime": 1420}}