{"train/decode.loss_ce": 0.2788803368806839, "train/decode.acc_seg": 90.1357032775879, "train/loss": 0.2788803368806839, "learning_rate": 0.00011082939124881504, "momentum": 0.9, "global_step": 1952, "_timestamp": 1650326832, "_runtime": 1212, "_step": 1952, "val/aAcc": 0.9285, "val/mIoU": 0.5112, "val/mAcc": 0.596, "val/IoU.road": 0.9608000183105468, "val/IoU.sidewalk": 0.7425, "val/IoU.building": 0.8770999908447266, "val/IoU.wall": 0.21049999237060546, "val/IoU.fence": 0.3365000152587891, "val/IoU.pole": 0.5070000076293946, "val/IoU.traffic light": 0.3997999954223633, "val/IoU.traffic sign": 0.6129000091552734, "val/IoU.vegetation": 0.8933000183105468, "val/IoU.terrain": 0.5133000183105468, "val/IoU.sky": 0.8933999633789063, "val/IoU.person": 0.6798000335693359, "val/IoU.rider": 0.0020999999344348905, "val/IoU.car": 0.8855000305175781, "val/IoU.truck": 0.006200000047683716, "val/IoU.bus": 0.3529000091552734, "val/IoU.train": 0.18520000457763672, "val/IoU.motorcycle": 0.0, "val/IoU.bicycle": 0.6543000030517578, "val/Acc.road": 0.9802999877929688, "val/Acc.sidewalk": 0.8347000122070313, "val/Acc.building": 0.9468000030517578, "val/Acc.wall": 0.23120000839233398, "val/Acc.fence": 0.42330001831054687, "val/Acc.pole": 0.632400016784668, "val/Acc.traffic light": 0.45919998168945314, "val/Acc.traffic sign": 0.6930999755859375, "val/Acc.vegetation": 0.9601999664306641, "val/Acc.terrain": 0.6224000167846679, "val/Acc.sky": 0.9640000152587891, "val/Acc.person": 0.8820999908447266, "val/Acc.rider": 0.0020999999344348905, "val/Acc.car": 0.9680000305175781, "val/Acc.truck": 0.0062999999523162846, "val/Acc.bus": 0.4825, "val/Acc.train": 0.3852000045776367, "val/Acc.motorcycle": 0.0, "val/Acc.bicycle": 0.8505999755859375, "_wandb": {"runtime": 1214}}