{"train/decode.loss_ce": 0.13431894183158874, "train/decode.acc_seg": 95.13164596557617, "train/aux.loss_ce": 0.10111781805753708, "train/aux.acc_seg": 91.52974166870118, "train/loss": 0.23543676286935805, "learning_rate": 0.007508025499821878, "momentum": 0.9, "global_step": 3890, "_timestamp": 1652176451, "_runtime": 5753, "_step": 3890, "val/aAcc": 0.9343, "val/mIoU": 0.6208, "val/mAcc": 0.6966, "val/IoU.road": 0.9616000366210937, "val/IoU.sidewalk": 0.7355999755859375, "val/IoU.building": 0.8816999816894531, "val/IoU.wall": 0.17729999542236327, "val/IoU.fence": 0.30940000534057616, "val/IoU.pole": 0.5245999908447265, "val/IoU.traffic light": 0.5738000106811524, "val/IoU.traffic sign": 0.6847000122070312, "val/IoU.vegetation": 0.8948999786376953, "val/IoU.terrain": 0.5179000091552735, "val/IoU.sky": 0.9283999633789063, "val/IoU.person": 0.7198999786376953, "val/IoU.rider": 0.41759998321533204, "val/IoU.car": 0.8859999847412109, "val/IoU.truck": 0.4147999954223633, "val/IoU.bus": 0.5836999893188477, "val/IoU.train": 0.4988999938964844, "val/IoU.motorcycle": 0.39689998626708983, "val/IoU.bicycle": 0.6869000244140625, "val/Acc.road": 0.9822000122070312, "val/Acc.sidewalk": 0.8216999816894531, "val/Acc.building": 0.9562000274658203, "val/Acc.wall": 0.18959999084472656, "val/Acc.fence": 0.32, "val/Acc.pole": 0.6372000122070313, "val/Acc.traffic light": 0.6872000122070312, "val/Acc.traffic sign": 0.7497000122070312, "val/Acc.vegetation": 0.9638999938964844, "val/Acc.terrain": 0.5666999816894531, "val/Acc.sky": 0.9662000274658203, "val/Acc.person": 0.8976999664306641, "val/Acc.rider": 0.5515000152587891, "val/Acc.car": 0.9712999725341797, "val/Acc.truck": 0.46900001525878904, "val/Acc.bus": 0.6547000122070312, "val/Acc.train": 0.5770999908447265, "val/Acc.motorcycle": 0.5027000045776367, "val/Acc.bicycle": 0.7709999847412109, "_wandb": {"runtime": 5851}}