{"train/decode.loss_ce": 0.36770800352096555, "train/decode.acc_seg": 88.5378807067871, "train/loss": 0.36770800352096555, "learning_rate": 0.0003542113372050586, "momentum": 0.9, "global_step": 461, "_timestamp": 1650239814, "_runtime": 780, "_step": 461, "val/aAcc": 0.8954000000000001, "val/mIoU": 0.3343, "val/mAcc": 0.3885, "val/IoU.road": 0.9333999633789063, "val/IoU.sidewalk": 0.5570000076293945, "val/IoU.building": 0.8273999786376953, "val/IoU.wall": 9.999999776482581e-05, "val/IoU.fence": 0.0005999999865889549, "val/IoU.pole": 0.34889999389648435, "val/IoU.traffic light": 0.0, "val/IoU.traffic sign": 0.12420000076293945, "val/IoU.vegetation": 0.8736000061035156, "val/IoU.terrain": 0.3997000122070313, "val/IoU.sky": 0.8726000213623046, "val/IoU.person": 0.5456000137329101, "val/IoU.rider": 0.0, "val/IoU.car": 0.8094999694824219, "val/IoU.truck": 0.0, "val/IoU.bus": 0.0, "val/IoU.train": 0.0, "val/IoU.motorcycle": 0.0, "val/IoU.bicycle": 0.058000001907348636, "val/Acc.road": 0.9823999786376953, "val/Acc.sidewalk": 0.6530999755859375, "val/Acc.building": 0.951500015258789, "val/Acc.wall": 9.999999776482581e-05, "val/Acc.fence": 0.0005999999865889549, "val/Acc.pole": 0.42069999694824217, "val/Acc.traffic light": 0.0, "val/Acc.traffic sign": 0.12579999923706053, "val/Acc.vegetation": 0.9516000366210937, "val/Acc.terrain": 0.489900016784668, "val/Acc.sky": 0.9327999877929688, "val/Acc.person": 0.8491999816894531, "val/Acc.rider": 0.0, "val/Acc.car": 0.9663999938964843, "val/Acc.truck": 0.0, "val/Acc.bus": 0.0, "val/Acc.train": 0.0, "val/Acc.motorcycle": 0.0, "val/Acc.bicycle": 0.05809999942779541, "_wandb": {"runtime": 789}}