{"train/decode.loss_ce": 0.36432333290576935, "train/decode.acc_seg": 88.0648307800293, "train/loss": 0.36432333290576935, "learning_rate": 0.0048613512143364, "momentum": 0.9, "global_step": 524, "_timestamp": 1650241948, "_runtime": 1535, "_step": 524, "val/aAcc": 0.9165000000000001, "val/mIoU": 0.435, "val/mAcc": 0.5067, "val/IoU.road": 0.9548999786376953, "val/IoU.sidewalk": 0.6809999847412109, "val/IoU.building": 0.8605999755859375, "val/IoU.wall": 0.07559999942779541, "val/IoU.fence": 0.3035000038146973, "val/IoU.pole": 0.42650001525878906, "val/IoU.traffic light": 0.0, "val/IoU.traffic sign": 0.5329000091552735, "val/IoU.vegetation": 0.8827999877929688, "val/IoU.terrain": 0.44869998931884764, "val/IoU.sky": 0.8926000213623047, "val/IoU.person": 0.6418000030517578, "val/IoU.rider": 0.0, "val/IoU.car": 0.8363999938964843, "val/IoU.truck": 0.0, "val/IoU.bus": 0.10850000381469727, "val/IoU.train": 0.0, "val/IoU.motorcycle": 0.0, "val/IoU.bicycle": 0.6191999816894531, "val/Acc.road": 0.9844000244140625, "val/Acc.sidewalk": 0.7655999755859375, "val/Acc.building": 0.9351000213623046, "val/Acc.wall": 0.0784000015258789, "val/Acc.fence": 0.4891999816894531, "val/Acc.pole": 0.5152999877929687, "val/Acc.traffic light": 0.0, "val/Acc.traffic sign": 0.6331000137329101, "val/Acc.vegetation": 0.955, "val/Acc.terrain": 0.5677999877929687, "val/Acc.sky": 0.9601000213623047, "val/Acc.person": 0.8666999816894532, "val/Acc.rider": 0.0, "val/Acc.car": 0.9737999725341797, "val/Acc.truck": 0.0, "val/Acc.bus": 0.1259000015258789, "val/Acc.train": 0.0, "val/Acc.motorcycle": 0.0, "val/Acc.bicycle": 0.7777999877929688, "_wandb": {"runtime": 1537}}