{"train/decode.loss_ce": 0.2419366106390953, "train/decode.acc_seg": 91.54762954711914, "train/loss": 0.2419366106390953, "learning_rate": 0.005024398626256805, "momentum": 0.9, "global_step": 1946, "_timestamp": 1650329749, "_runtime": 1584, "_step": 1946, "val/aAcc": 0.9327, "val/mIoU": 0.5608, "val/mAcc": 0.6509999999999999, "val/IoU.road": 0.9640000152587891, "val/IoU.sidewalk": 0.754000015258789, "val/IoU.building": 0.8791000366210937, "val/IoU.wall": 0.342599983215332, "val/IoU.fence": 0.4084000015258789, "val/IoU.pole": 0.514900016784668, "val/IoU.traffic light": 0.4775, "val/IoU.traffic sign": 0.6388999938964843, "val/IoU.vegetation": 0.8952999877929687, "val/IoU.terrain": 0.5065999984741211, "val/IoU.sky": 0.9048999786376953, "val/IoU.person": 0.6937999725341797, "val/IoU.rider": 0.18729999542236328, "val/IoU.car": 0.9037000274658203, "val/IoU.truck": 0.26329999923706054, "val/IoU.bus": 0.39119998931884764, "val/IoU.train": 0.24510000228881837, "val/IoU.motorcycle": 0.022999999523162843, "val/IoU.bicycle": 0.6608999633789062, "val/Acc.road": 0.9797000122070313, "val/Acc.sidewalk": 0.8569000244140625, "val/Acc.building": 0.955999984741211, "val/Acc.wall": 0.4293000030517578, "val/Acc.fence": 0.4931000137329102, "val/Acc.pole": 0.6193000030517578, "val/Acc.traffic light": 0.5513999938964844, "val/Acc.traffic sign": 0.7319000244140625, "val/Acc.vegetation": 0.9518000030517578, "val/Acc.terrain": 0.612599983215332, "val/Acc.sky": 0.9651000213623047, "val/Acc.person": 0.8586000061035156, "val/Acc.rider": 0.21190000534057618, "val/Acc.car": 0.9594999694824219, "val/Acc.truck": 0.3189999961853027, "val/Acc.bus": 0.474900016784668, "val/Acc.train": 0.5709000015258789, "val/Acc.motorcycle": 0.022999999523162843, "val/Acc.bicycle": 0.8031999969482422, "_wandb": {"runtime": 1586}}