{"train/decode.loss_ce": 0.464530873298645, "train/decode.acc_seg": 84.93170623779297, "train/loss": 0.464530873298645, "learning_rate": 0.006074034045971431, "momentum": 0.9, "global_step": 194, "_timestamp": 1650246824, "_runtime": 406, "_step": 194, "val/aAcc": 0.8506999999999999, "val/mIoU": 0.24710000000000001, "val/mAcc": 0.2964, "val/IoU.road": 0.8755000305175781, "val/IoU.sidewalk": 0.22700000762939454, "val/IoU.building": 0.7683999633789063, "val/IoU.wall": 0.0, "val/IoU.fence": 0.0, "val/IoU.pole": 0.0, "val/IoU.traffic light": 0.0, "val/IoU.traffic sign": 0.0, "val/IoU.vegetation": 0.8384999847412109, "val/IoU.terrain": 0.0, "val/IoU.sky": 0.7798999786376953, "val/IoU.person": 0.45689998626708983, "val/IoU.rider": 0.0, "val/IoU.car": 0.7487999725341797, "val/IoU.truck": 0.0, "val/IoU.bus": 0.0, "val/IoU.train": 0.0, "val/IoU.motorcycle": 0.0, "val/IoU.bicycle": 0.0, "val/Acc.road": 0.9823000335693359, "val/Acc.sidewalk": 0.2613999938964844, "val/Acc.building": 0.9316999816894531, "val/Acc.wall": 0.0, "val/Acc.fence": 0.0, "val/Acc.pole": 0.0, "val/Acc.traffic light": 0.0, "val/Acc.traffic sign": 0.0, "val/Acc.vegetation": 0.9387999725341797, "val/Acc.terrain": 0.0, "val/Acc.sky": 0.8698000335693359, "val/Acc.person": 0.7012000274658203, "val/Acc.rider": 0.0, "val/Acc.car": 0.9455999755859374, "val/Acc.truck": 0.0, "val/Acc.bus": 0.0, "val/Acc.train": 0.0, "val/Acc.motorcycle": 0.0, "val/Acc.bicycle": 0.0, "_wandb": {"runtime": 422}}