{"train/decode.loss_ce": 0.14748165905475616, "train/decode.acc_seg": 94.67235641479492, "train/loss": 0.14748165905475616, "learning_rate": 0.007508025499821878, "momentum": 0.9, "global_step": 3890, "_timestamp": 1652185435, "_runtime": 3757, "_step": 3890, "val/aAcc": 0.9331999999999999, "val/mIoU": 0.6251, "val/mAcc": 0.7238, "val/IoU.road": 0.9569000244140625, "val/IoU.sidewalk": 0.7294999694824219, "val/IoU.building": 0.8793000030517578, "val/IoU.wall": 0.2709000015258789, "val/IoU.fence": 0.4229000091552734, "val/IoU.pole": 0.5143999862670898, "val/IoU.traffic light": 0.5459999847412109, "val/IoU.traffic sign": 0.6776999664306641, "val/IoU.vegetation": 0.9, "val/IoU.terrain": 0.5363999938964844, "val/IoU.sky": 0.8887000274658203, "val/IoU.person": 0.750999984741211, "val/IoU.rider": 0.45810001373291015, "val/IoU.car": 0.9068000030517578, "val/IoU.truck": 0.40759998321533203, "val/IoU.bus": 0.6038999938964844, "val/IoU.train": 0.31329999923706053, "val/IoU.motorcycle": 0.40830001831054685, "val/IoU.bicycle": 0.7058000183105468, "val/Acc.road": 0.9786000061035156, "val/Acc.sidewalk": 0.8552999877929688, "val/Acc.building": 0.9402999877929688, "val/Acc.wall": 0.3290999984741211, "val/Acc.fence": 0.49470001220703125, "val/Acc.pole": 0.6063999938964844, "val/Acc.traffic light": 0.6412000274658203, "val/Acc.traffic sign": 0.7570999908447266, "val/Acc.vegetation": 0.956500015258789, "val/Acc.terrain": 0.635, "val/Acc.sky": 0.9794999694824219, "val/Acc.person": 0.8729000091552734, "val/Acc.rider": 0.5834000015258789, "val/Acc.car": 0.9541000366210938, "val/Acc.truck": 0.6622000122070313, "val/Acc.bus": 0.8090000152587891, "val/Acc.train": 0.34630001068115235, "val/Acc.motorcycle": 0.48200000762939454, "val/Acc.bicycle": 0.8683000183105469, "_wandb": {"runtime": 3838}}