{"train/decode.loss_ce": 0.4084838181734085, "train/decode.acc_seg": 85.83893814086915, "train/loss": 0.4084838181734085, "learning_rate": 0.00929437042959485, "momentum": 0.9, "global_step": 4410, "_timestamp": 1650562412, "_runtime": 3871, "_step": 4410, "val/aAcc": 0.9022, "val/mIoU": 0.4878, "val/mAcc": 0.6154999999999999, "val/IoU.road": 0.9406999969482421, "val/IoU.sidewalk": 0.7072000122070312, "val/IoU.building": 0.829800033569336, "val/IoU.wall": 0.19700000762939454, "val/IoU.fence": 0.28049999237060547, "val/IoU.pole": 0.4565999984741211, "val/IoU.traffic light": 0.2765999984741211, "val/IoU.traffic sign": 0.5781000137329102, "val/IoU.vegetation": 0.855999984741211, "val/IoU.terrain": 0.38799999237060545, "val/IoU.sky": 0.8237000274658203, "val/IoU.person": 0.6419999694824219, "val/IoU.rider": 0.2879999923706055, "val/IoU.car": 0.8187000274658203, "val/IoU.truck": 0.1647999954223633, "val/IoU.bus": 0.37860000610351563, "val/IoU.train": 0.0, "val/IoU.motorcycle": 0.14210000038146972, "val/IoU.bicycle": 0.49970001220703125, "val/Acc.road": 0.9540000152587891, "val/Acc.sidewalk": 0.8391999816894531, "val/Acc.building": 0.8969000244140625, "val/Acc.wall": 0.25579999923706054, "val/Acc.fence": 0.5731000137329102, "val/Acc.pole": 0.5893000030517578, "val/Acc.traffic light": 0.2926000022888184, "val/Acc.traffic sign": 0.6816999816894531, "val/Acc.vegetation": 0.9433000183105469, "val/Acc.terrain": 0.5445999908447265, "val/Acc.sky": 0.9712000274658203, "val/Acc.person": 0.8369999694824218, "val/Acc.rider": 0.40400001525878904, "val/Acc.car": 0.9093000030517578, "val/Acc.truck": 0.22389999389648438, "val/Acc.bus": 0.5465999984741211, "val/Acc.train": 0.0, "val/Acc.motorcycle": 0.37029998779296874, "val/Acc.bicycle": 0.8616999816894532, "_wandb": {"runtime": 3874}}