{"train/decode.loss_ce": 0.37716958671808243, "train/decode.acc_seg": 87.26424789428711, "train/loss": 0.37716958671808243, "learning_rate": 0.00740303467554525, "momentum": 0.9, "global_step": 15602, "_timestamp": 1650535232, "_runtime": 7920, "_step": 15602, "val/aAcc": 0.9175, "val/mIoU": 0.5351, "val/mAcc": 0.6462, "val/IoU.road": 0.9595999908447266, "val/IoU.sidewalk": 0.7330999755859375, "val/IoU.building": 0.8384999847412109, "val/IoU.wall": 0.2738999938964844, "val/IoU.fence": 0.30770000457763674, "val/IoU.pole": 0.4879999923706055, "val/IoU.traffic light": 0.44369998931884763, "val/IoU.traffic sign": 0.4681999969482422, "val/IoU.vegetation": 0.8620999908447265, "val/IoU.terrain": 0.4777000045776367, "val/IoU.sky": 0.9008999633789062, "val/IoU.person": 0.6633999633789063, "val/IoU.rider": 0.42540000915527343, "val/IoU.car": 0.8837000274658203, "val/IoU.truck": 0.21010000228881837, "val/IoU.bus": 0.28899999618530275, "val/IoU.train": 0.25420000076293947, "val/IoU.motorcycle": 0.03069999933242798, "val/IoU.bicycle": 0.6572000122070313, "val/Acc.road": 0.9740000152587891, "val/Acc.sidewalk": 0.8927999877929688, "val/Acc.building": 0.8894000244140625, "val/Acc.wall": 0.34349998474121096, "val/Acc.fence": 0.35580001831054686, "val/Acc.pole": 0.7020999908447265, "val/Acc.traffic light": 0.5904999923706055, "val/Acc.traffic sign": 0.7712000274658203, "val/Acc.vegetation": 0.9580000305175781, "val/Acc.terrain": 0.6072000122070312, "val/Acc.sky": 0.9533999633789062, "val/Acc.person": 0.8708999633789063, "val/Acc.rider": 0.5408000183105469, "val/Acc.car": 0.9408000183105468, "val/Acc.truck": 0.3529999923706055, "val/Acc.bus": 0.306299991607666, "val/Acc.train": 0.3427999877929688, "val/Acc.motorcycle": 0.030899999141693116, "val/Acc.bicycle": 0.8540000152587891, "_wandb": {"runtime": 8030}}