{"train/decode.loss_ce": 0.3457982152700424, "train/decode.acc_seg": 89.17780532836915, "train/loss": 0.3457982152700424, "learning_rate": 0.0018386346169591897, "momentum": 0.9, "global_step": 488, "_timestamp": 1650247734, "_runtime": 790, "_step": 488, "val/aAcc": 0.9105, "val/mIoU": 0.391, "val/mAcc": 0.45049999999999996, "val/IoU.road": 0.9519000244140625, "val/IoU.sidewalk": 0.6747000122070312, "val/IoU.building": 0.8441999816894531, "val/IoU.wall": 0.03430000066757202, "val/IoU.fence": 0.08359999656677246, "val/IoU.pole": 0.3970000076293945, "val/IoU.traffic light": 0.0, "val/IoU.traffic sign": 0.39740001678466796, "val/IoU.vegetation": 0.8826000213623046, "val/IoU.terrain": 0.44549999237060545, "val/IoU.sky": 0.8687999725341797, "val/IoU.person": 0.5897000122070313, "val/IoU.rider": 0.0, "val/IoU.car": 0.8312999725341796, "val/IoU.truck": 0.0, "val/IoU.bus": 0.0, "val/IoU.train": 0.0, "val/IoU.motorcycle": 0.0, "val/IoU.bicycle": 0.4290999984741211, "val/Acc.road": 0.9783000183105469, "val/Acc.sidewalk": 0.8062999725341797, "val/Acc.building": 0.9562999725341796, "val/Acc.wall": 0.034500000476837156, "val/Acc.fence": 0.08670000076293945, "val/Acc.pole": 0.48119998931884767, "val/Acc.traffic light": 0.0, "val/Acc.traffic sign": 0.43439998626708987, "val/Acc.vegetation": 0.945, "val/Acc.terrain": 0.6006000137329102, "val/Acc.sky": 0.9494999694824219, "val/Acc.person": 0.8697000122070313, "val/Acc.rider": 0.0, "val/Acc.car": 0.9655999755859375, "val/Acc.truck": 0.0, "val/Acc.bus": 0.0, "val/Acc.train": 0.0, "val/Acc.motorcycle": 0.0, "val/Acc.bicycle": 0.4515000152587891, "_wandb": {"runtime": 792}}