{"train/decode.loss_ce": 0.26165868535637854, "train/decode.acc_seg": 91.28301239013672, "train/loss": 0.26165868535637854, "learning_rate": 0.00010580332707795023, "momentum": 0.9, "global_step": 3900, "_timestamp": 1650235899, "_runtime": 1343, "_step": 3900, "val/aAcc": 0.9120999999999999, "val/mIoU": 0.47840000000000005, "val/mAcc": 0.5599000000000001, "val/IoU.road": 0.9341000366210938, "val/IoU.sidewalk": 0.7005999755859375, "val/IoU.building": 0.865, "val/IoU.wall": 0.24809999465942384, "val/IoU.fence": 0.3060000038146973, "val/IoU.pole": 0.4909000015258789, "val/IoU.traffic light": 0.37970001220703126, "val/IoU.traffic sign": 0.5918000030517578, "val/IoU.vegetation": 0.8811000061035156, "val/IoU.terrain": 0.4725, "val/IoU.sky": 0.7980000305175782, "val/IoU.person": 0.6843000030517579, "val/IoU.rider": 0.12739999771118163, "val/IoU.car": 0.7919999694824219, "val/IoU.truck": 0.0007999999821186065, "val/IoU.bus": 0.16940000534057617, "val/IoU.train": 0.0, "val/IoU.motorcycle": 0.012599999904632569, "val/IoU.bicycle": 0.6356999969482422, "val/Acc.road": 0.9523999786376953, "val/Acc.sidewalk": 0.8312999725341796, "val/Acc.building": 0.9325, "val/Acc.wall": 0.2905999946594238, "val/Acc.fence": 0.34819999694824216, "val/Acc.pole": 0.6068000030517579, "val/Acc.traffic light": 0.4266999816894531, "val/Acc.traffic sign": 0.6456999969482422, "val/Acc.vegetation": 0.9605999755859375, "val/Acc.terrain": 0.6508000183105469, "val/Acc.sky": 0.9370999908447266, "val/Acc.person": 0.8598999786376953, "val/Acc.rider": 0.13699999809265137, "val/Acc.car": 0.9737999725341797, "val/Acc.truck": 0.0007999999821186065, "val/Acc.bus": 0.21989999771118163, "val/Acc.train": 0.0, "val/Acc.motorcycle": 0.012599999904632569, "val/Acc.bicycle": 0.850999984741211, "_wandb": {"runtime": 1346}}