{"train/decode.loss_ce": 0.4912737041711807, "train/decode.acc_seg": 84.68735122680664, "train/loss": 0.4912737041711807, "learning_rate": 0.008656747008630929, "momentum": 0.9, "global_step": 141, "_timestamp": 1650243695, "_runtime": 235, "_step": 141, "val/decode.loss_ce": 0.7217989015963769, "val/decode.acc_seg": 78.7193857008411, "val/loss": 0.7217989015963769, "val/aAcc": 0.8432999999999999, "val/mIoU": 0.24239999999999998, "val/mAcc": 0.3013, "val/IoU.road": 0.8629000091552734, "val/IoU.sidewalk": 0.26360000610351564, "val/IoU.building": 0.7512999725341797, "val/IoU.wall": 0.0, "val/IoU.fence": 0.0, "val/IoU.pole": 0.0012999999523162842, "val/IoU.traffic light": 0.0, "val/IoU.traffic sign": 0.0, "val/IoU.vegetation": 0.8387000274658203, "val/IoU.terrain": 0.0, "val/IoU.sky": 0.6987000274658203, "val/IoU.person": 0.4490999984741211, "val/IoU.rider": 0.0, "val/IoU.car": 0.7395999908447266, "val/IoU.truck": 0.0, "val/IoU.bus": 0.0, "val/IoU.train": 0.0, "val/IoU.motorcycle": 0.0, "val/IoU.bicycle": 0.0, "val/Acc.road": 0.9494000244140625, "val/Acc.sidewalk": 0.29950000762939455, "val/Acc.building": 0.9366000366210937, "val/Acc.wall": 0.0, "val/Acc.fence": 0.0, "val/Acc.pole": 0.0012999999523162842, "val/Acc.traffic light": 0.0, "val/Acc.traffic sign": 0.0, "val/Acc.vegetation": 0.9395999908447266, "val/Acc.terrain": 0.0, "val/Acc.sky": 0.885199966430664, "val/Acc.person": 0.7609999847412109, "val/Acc.rider": 0.0, "val/Acc.car": 0.9522000122070312, "val/Acc.truck": 0.0, "val/Acc.bus": 0.0, "val/Acc.train": 0.0, "val/Acc.motorcycle": 0.0, "val/Acc.bicycle": 0.0, "_wandb": {"runtime": 243}}